ID,Character,Original Text,Reference,Translation
__translator__,,Translator,,frostymisery17
__language__,,Language,en_US,ru_RU
__episode__,,Episode ID,,act10d5
__chapter__,,Chapter Name,activities/act10d5/level_act10d5_st05,胡言秘语
,,,,
char-1,烈夏,烈夏,Leto,Лето
char-2,猎蜂,猎蜂,Beehunter,Бихантер
char-3,提示音,提示音,Announcement,Голос системы
char-4,凛冬,凛冬,Zima,Зима
char-5,？？？,？？？,???,???
char-6,猎蜂/烈夏,猎蜂/烈夏,Beehunter & Leto,Бихантер / Лето
char-7,慕斯,慕斯,Mousse,Мусс
char-8,罗莎琳,罗莎琳,Rosalind,Розалинда
char-9,学生A,学生A,Student A,Студент А
char-10,学生B,学生B,Student B,Студент Б
char-11,贵族学生,贵族学生,Noble Student,Студент-аристократ
char-12,学生,学生,Student,Студент
char-13,索尼娅,索尼娅,Sonya,Соня
char-14,安德烈,安德烈,Andrey,Андрей
char-15,安娜,安娜,Anna,Анна
char-16,拉达,拉达,Lada,Лада
char-17,整合运动成员,整合运动成员,Reunion Member,Член Воссоединения
,,,,
line-9,,罗德岛训练中心,Rhodes Island Training Center,Тренировочный центр Родос Айленд
line-10,,单对单近身格斗训练室,One-on-One Close Combat Training Room,Тренировочный зал для ближнего боя один на один
line-22,烈夏,喝！,Hyah!,Ха!
line-24,猎蜂,太慢了。,Too slow.,Слишком медленно.
line-26,烈夏,很慢吗，那为什么还要格挡，耍嘴皮子谁不会！,Really? Then why'd you block? Save the talk.,Слишком медленно? Тогда зачем блокируешь? Болтать-то все горазды!
line-28,猎蜂,要是真在擂台上，你早该被我捶倒了知道不。,Throw us in the ring and I'll have you on the ground in round one.,"Если бы мы были на настоящем ринге, я бы тебя уже давно вырубила, ясно?"
line-30,烈夏,我才不信。,I'm not so sure.,Не верю.
line-32,猎蜂,这样吧烈夏，你再来一组连拳，要是打得好，我就给你个奖励，怎么样？,"How about this, Leto: You gimme another set. You land a good hit, and I give you a prize. Sound good?","Давай так, Лето. Сделай еще одну серию ударов, и если всё сделаешь хорошо, я дам тебе награду. Как насчет этого?"
line-34,烈夏,有意思，这可是你说的啊。,"Yeah, sure.","Звучит интересно, ловлю на слове."
line-35,烈夏,看拳！,Take this!,Получай!
line-41,猎蜂,嗯，不错不错，力度上去了。,"Yeah, not bad. More power in there.","М-м, неплохо, неплохо. Силы стало больше."
line-42,猎蜂,气息也保持得很好。,Steady breathing too.,И дыхание ты держишь ровно.
line-43,猎蜂,该我了，领奖吧！,My turn. For the prize!,"Теперь моя очередь, забирай свою награду!"
line-44,猎蜂,噢啦噢啦！！,Oraoraora!,Ора-ора-ора!!
line-53,烈夏,唔啊！,Mmh!,Угх!
line-54,烈夏,唔，咳，咳咳......,"Phew, *cough,* *hack...*","Угх, кха, кха-кха..."
line-55,烈夏,舒拉，你！,Shura! You...!,"Шура, ах ты!"
line-56,烈夏,咳咳咳，哈......哈。,*Cough* *cough* *hack...* Phew... whew.,"Кха-кха-кха, ха... ха."
line-57,烈夏,你能教我这招吗！,Can you teach me that move?!,Научишь меня этому приему?!
line-59,猎蜂,教是没问题，但你可能学不来。,Oh I can teach. But can you learn?,"Научить-то не проблема, вот только вряд ли у тебя получится."
line-61,烈夏,不就是拿拳头挥几下，有什么学不来的。,It's just throwing your fists around a bit. What's to learn?,"Подумаешь, пару раз махнуть кулаком. Чему тут учиться."
line-63,猎蜂,这招可是我采蜜时对付那些“小虫子”用的，擂台里不少棘手的家伙也吃过。,It's a trick I use against those 'bugs' when I'm diggin' out honey. Does good work on the thorny bastards in the ring too.,"Я использую этот прием, чтобы отбиваться от «букашек» при сборе меда. Многие крепкие парни на ринге тоже отведали его на вкус."
line-65,烈夏,然后呢？,Really?,И что потом?
line-67,猎蜂,当然是全被我摁倒了啊，哪还有什么然后。,"Oh yeah. Total knockout, every time. How else could it go?","Потом я их всех уложила, вот и всё."
line-68,猎蜂,你要是想学，先去野外采次蜜吧，这样很快就能悟的。,"If you really wanna learn, head outside and dig out some honey. You'll get it quick.","Если хочешь научиться, сходи сначала в дикую природу пособирать мед — так ты быстро всё поймешь."
line-69,猎蜂,信我。,Trust me.,Поверь мне.
line-71,烈夏,啊，那还是算了。,"Eh? Nah, screw that.","А, ну тогда я пас."
line-72,烈夏,你可是猎蜂。,You're the Beehunter.,Ты же Бихантер.
line-74,猎蜂,猎蜂只是会搏命的乌萨斯，要论未来，还是前途无量的小烈夏比较强。,The Beehunter's an Ursus who fights for her life. But if we're talkin' about the future? My money's on little Leto.,"Бихантер просто урсуска, умеющая драться за свою жизнь. А вот если говорить о будущем, то юная Лето куда перспективнее."
line-76,烈夏,嘻嘻，这话我爱听。,"Hehe, now that's what I like to hear.","Хи-хи, это мне нравится."
line-78,猎蜂,好了，休息结束了，过来打人。,"Okay, break's over, come fight me.","Ладно, перерыв окончен, иди сюда и бей меня."
line-79,猎蜂,当然了，想挨打也可以，我不介意和会动的沙包一起耗费掉训练室剩下的租用时间。,"'course, if you'd rather take a beating, we can do that too. I'm okay spendin' the rest of our training room time makin' you my punching bag.","Хотя, если хочешь, можешь сама побыть грушей для битья. Я не против потратить остаток времени в тренировочном зале, избивая движущуюся мишень."
line-81,烈夏,你等着舒拉，我这就来打你！,"Just you wait, Shura. I'm gonna get you this time!","Ну подожди, Шура, сейчас я тебе задам трепку!"
line-83,猎蜂,哦——,Ooh——,Ого——
line-84,猎蜂,拳头打不过，准备上武器了？,"If you can't hit me with your fists, why not get a weapon?","Раз на кулаках не можешь, решила взять оружие?"
line-86,烈夏,我也是好面子的，舒拉。,"C'mon, I have my pride, Shura.","Я тоже гордая, Шура."
line-87,烈夏,当然了，训练室的武器都有保护措施，打到人身上顶多也就有一点疼。,"Although, the training room weapons all have safety features. Getting hit with 'em just hurts a bit.","Конечно, всё оружие в тренировочной комнате оснащено защитой, так что удар по человеку вызовет лишь небольшую боль."
line-88,烈夏,你也挑把武器，我们练练。,You grab one too. We'll spar.,"Выбери себе тоже что-нибудь, потренируемся."
line-90,猎蜂,好啊。,Sure.,Хорошо.
line-92,烈夏,你要用指虎了？,Knucklers for you?,Решила взять кастеты?
line-94,猎蜂,毕竟擂台上喜欢拿长柄的也不少。,Plenty of folks in the ring like polearms.,На ринге ведь тоже полно любителей длинного древкового оружия.
line-96,烈夏,哼哼，终于动真格了吗。,"Hum, finally getting serious, are we?","Хе-хе, наконец-то мы будем драться всерьез?"
line-98,猎蜂,小烈夏，你知道对付长柄有几种办法吗。,"There's two ways to deal with somebody using a polearm, you know?","Малышка Лето, знаешь ли ты, сколько существует способов противостоять длинному оружию?"
line-100,烈夏,不知道，你教我。,I dunno. Teach me.,"Не знаю, научи меня."
line-102,猎蜂,好啊。,Sure.,Хорошо.
line-105,提示音,本训练室剩余租借时间为——20分钟。请各位干员把握好时间，方便其他干员进行使用。重复一遍，本——,You have——twenty minutes——of time left in this training room. Use your time wisely and prepare the room for use by other operators. Repeat: You have——,"Оставшееся время аренды тренировочного зала — 20 минут. Пожалуйста, следите за временем, чтобы другие оперативники тоже могли им воспользоваться. Повторяю, оставшееся—"
line-107,猎蜂,时间不多，看好了！,"Runnin' outta time. Okay, let's go!","Времени мало, смотри внимательно!"
line-109,烈夏,来啊！！,C'mon!,Давай!!
line-111,烈夏,好快！,So fast!,Как быстро!
line-112,烈夏,咕啊。,Gah.,Гуах.
line-119,猎蜂,咕嘟——,Gulp——,Глыть——
line-121,烈夏,咕嘟咕嘟，哈——爽了。,"Gulp gulp, aaahhh——that's sweet.","Глыть-Глыть, ха—— хорошо-то как."
line-123,猎蜂,刚刚运动完喝水喝那么快，小心半夜肚子疼。,Don't chug so much water right after training. You'll get midnight cramps.,"Не пей воду так быстро сразу после тренировки, а то посреди ночи заболит живот."
line-125,烈夏,疼就疼，至少现在舒服。,That's Future Leto's problem. Right now it feels amazing.,"Пусть болит, зато сейчас кайфово."
line-127,猎蜂,怎么样，这次有学到点什么没。,How 'bout it? You learn something today?,"Ну как, выучила что-нибудь в этот раз?"
line-129,烈夏,有啊。,Yeah.,Ага.
line-131,猎蜂,嘿嘿，说来听听？,Hehe. Lay it on me.,"Хе-хе, ну рассказывай."
line-133,烈夏,以后千万不能被拳击手近身。,"Never, ever get close to a boxer.",Никогда нельзя позволять боксеру подходить близко.
line-135,猎蜂,嗨，我拿指虎只是吓吓你。,The knucklers are just there to scare ya.,"Ой да ладно, кастеты я взяла только чтобы тебя напугать."
line-136,猎蜂,冲上来招呼你用的都是手肘和肩，你又穿着防护服，疼肯定是不疼的。,I only came at you with my shoulders and elbows. Plus you got safety gear. No way you got hurt.,"Когда я на тебя бросилась, я била только локтями и плечами. К тому же на тебе был защитный костюм, так что больно точно не было."
line-138,烈夏,但完全拦不住你啊，舒拉。,"But I couldn't block you at all, Shura.","Но я вообще не смогла тебя остановить, Шура."
line-139,烈夏,说实话，你动作怎么练到这么快的，教我呗。,What kind of training did you do to get so fast? You have to teach me.,"Честно говоря, как ты натренировала такую скорость движений? Научи меня."
line-141,猎蜂,多打打，死不掉，就成。,"I fought a lot, I didn't die. Ta-dah.","Много дерись, не умирай, и всё получится."
line-142,猎蜂,挨打挨多了，你总能知道别人想怎么用手上的东西对付你。,Take enough beatings and you'll learn how somebody's gonna wanna come at you.,"Когда тебя много бьют, ты начинаешь понимать, как противник собирается использовать оружие в своих руках против тебя."
line-143,猎蜂,学不会的家伙，早就不知道被扔进哪儿的垃圾箱了。,"And if you don't, you get dumpstered pretty quick.","Те, кто этого не понял, давно уже гниют в каких-нибудь мусорных баках."
line-145,烈夏,那我呢，我算不算被扔垃圾箱的？,What about me? Am I dumpstered?,"А я? Я из тех, кого выбросят в мусорный бак?"
line-147,猎蜂,有你那帮小姐妹和我罩着，就算是进垃圾箱，我们也会给你挖出来好不。,"You've got me and your sisters lookin' out for you. You ever end up in a dumpster, we'll come fish you out.","С твоими подружками и под моим крылом, даже если тебя выбросят в мусорку, мы тебя оттуда вытащим."
line-149,烈夏,别说的我像个孬种一样啊。,You say that like I'm garbage.,"Не говори так, будто я какая-то слабачка."
line-151,猎蜂,哈哈哈，放心啦烈夏，你只是年纪小，经历的还少，等再过几年，你肯定会变强的。,"Hahaha. Don't sweat it, Leto. You're still a kid. Get some experience under your belt and you'll be a lot stronger. No question.","Ха-ха-ха, не волнуйся, Лето, ты просто еще молода, у тебя мало опыта. Вот пройдет пара лет, и ты обязательно станешь сильнее."
line-153,烈夏,你别看不起我，我跟你说，我可是——！,Don't patronize me! I even——!,"Ты меня не недооценивай. Говорю тебе, я... !"
line-154,烈夏,（小声）我可是敢和整合运动叫板的人。,(Muttering) I even stood up to Reunion.,"(Тихо) Я та, кто осмелился бросить вызов Воссоединению."
line-156,猎蜂,啊？,Huh?,А?
line-157,猎蜂,（小声）你以前怎么没提过事，不会是编的吧。,"(Quietly) Why haven't I heard this before? You're not makin' it up, are ya?",(Тихо) Почему ты раньше об этом не упоминала? Ты же не придумываешь?
line-159,烈夏,怎么会。,No way.,Конечно нет.
line-160,烈夏,这样，我们洗把澡，搞点吃的喝的，舒舒服服待着，然后我跟你讲讲那时候的事，好不。,"How about this? Let's go wash up, get something to eat, make ourselves comfortable, and I'll tell you the whole story.","Давай так: сейчас мы примем душ, возьмем чего-нибудь поесть и попить, устроимся поудобнее, и я расскажу тебе, что тогда было. Как тебе?"
line-162,猎蜂,好啊，正好我前几天找后勤的人弄了点蜂蜜饮料，那味道——哎呦那叫一个赞。,Sounds good. I asked Logistics to make me up a honey drink a couple days ago. Perfect timing.,Отлично. Я как раз пару дней назад попросила ребят из логистики достать мне медовый напиток. Вкус — просто потрясающий.
line-163,猎蜂,还有坚雷那，听说前几天搞了好多有意思的膨化食品，我打听过了，只要和她对个暗号，她就会悄悄卖你。,"And Dur-nar, I hear she did up some wild snacks the other day. Word on the street is she'll sell you some if you give her the password.","А еще я слышала, что Дур-Нар недавно раздобыла кучу интересных снеков. Я узнавала, если сказать ей пароль, она втихаря продаст тебе немного."
line-164,猎蜂,我们分头弄，怎么样？,Ready? Break.,"Давай разделимся, идет?"
line-166,烈夏,好啊，一会宿舍碰头。,Okay. See you back at the dorm.,"Договорились, встретимся в общежитии."
line-167,烈夏,哎等等！,"Hey, wait!","Эй, постой!"
line-169,猎蜂,啊？还有什么问题？,What's up?,А? Что-то еще?
line-171,烈夏,那啥。,Duh.,Ну это.
line-172,烈夏,（小声）暗号是啥来着。以前这东西都是小古米和大小姐弄的，我不太清楚。,(Quietly) What's the password? It was always Gummy and Her Worship who did stuff like this. I dunno how.,"(Тихо) Какой там пароль? Обычно этим занимались Гум и наша Леди, я не совсем в курсе."
line-174,猎蜂,哦，来来来，我告诉你。,"Oh, come here, I'll tell ya.","О, иди сюда, я тебе скажу."
line-175,猎蜂,（小声）听好了，就说一遍，不要问为什么，知道不。,(Quietly) Listen up. I'm only gonna say it once. Don't ask questions.,"(Тихо) Слушай внимательно, повторять не буду, и не спрашивай почему, ясно?"
line-177,烈夏,（小声）好。,(Quietly) Got it.,(Тихо) Ясно.
line-179,猎蜂,（小声）坚雷零食网覆盖全罗德岛的，但为了防人，只能通过熟人介绍拿货。我一般去夜烟那儿搞，那家伙藏东西有一套的。,"(Quietly) Dur-nar's Snack Network covers all of Rhodes Island. But for security, you can only get access by invitation from somebody the network trusts. I usually work through Haze. She's hella discreet.","(Тихо) Сеть закусок Дур-нар покрывает весь Родос Айленд, но для секретности они продают только тем, кто пришел по рекомендации. Обычно я хожу за товаром к Хейз, она умеет прятать вещи."
line-180,猎蜂,（小声）敲门敲六下，长短长长短长，知道怎么来吧。,"(Quietly) You knock six times. Long, short, long, long, short, long. Get it?","(Тихо) Стучи в дверь шесть раз: длинный, короткий, длинный, длинный, короткий, длинный. Поняла, как стучать?"
line-182,烈夏,（小声）知道。,(Quietly) Got it.,(Тихо) Поняла.
line-184,猎蜂,（小声）对方开门以后随便聊聊，听到“木土”这个词的时候，马上接“这个还不错”。然后听价格就行。,"(Quietly) Then you make conversation when they open the door. When they say the word 'glockenspiel,' you gotta immediately reply, 'this one's pretty good.' Then you'll get the price and you're golden.","(Тихо) Когда откроют дверь, поболтай о том о сем. Как только услышишь слово «дерево-земля», сразу отвечай: «Этот довольно хорош». И потом просто слушай цену."
line-185,猎蜂,（小声）记住了，“木——土”，中间长，收尾短。,"(Quietly) Don't forget: 'Glockennnspiel,' long in the middle, short at the end.","(Тихо) Запомни: «Дерево——земля», длинно в середине, коротко в конце."
line-186,猎蜂,（小声）懂了？,(Quietly) Get it?,(Тихо) Поняла?
line-188,烈夏,（小声）懂了。,(Quietly) Got it.,(Тихо) Поняла.
line-190,猎蜂,啊——该洗澡了，一会见。,Good. I gotta shower. Later.,"Ах—— пора в душ, скоро увидимся."
line-192,烈夏,回见。,See ya.,Увидимся.
line-198,烈夏,嗯——,Hmmm——,М-м——
line-199,烈夏,买个零食这么复杂的吗？,I gotta go through all that just to get some snacks?,Неужели покупка закусок это такая сложная штука?
line-200,烈夏,好麻烦，还是让小古米帮忙跑腿好了。,That's a pain in the ass. I'll just get Gummy to do it.,Как же муторно. Лучше пусть Гум сбегает.
line-206,,一小时后,One hour later...,Час спустя
line-207,,罗德岛宿舍区,Rhodes Island Dormitories,Жилой комплекс Родос Айленд
line-208,,烈夏和猎蜂的宿舍,Leto and Beehunter's Room,Комната Лето и Бихантер
line-210,烈夏,舒拉，东西买——喂你怎么已经喝起来了！,"Shura, I got the——Hey, you started drinking already!","Шура, я купила——Эй, почему ты уже пьешь!"
line-212,猎蜂,等你的时候无聊啊。反正我买了好多，先喝一点也没什么吧。,I got bored waiting for you. But I bought lots. Why can't I do a little pregaming?,"Ждать тебя было скучно. Я купила много, ничего страшного, если выпью немного заранее, правда?"
line-214,烈夏,好吧其实我回来之前也偷吃了点零食，味道是真不错。,Yeah all right. I actually nibbled on the snacks a bit on my way back. They're good.,"Ну ладно, на самом деле я тоже немного перекусила, пока шла. Вкуснотища."
line-216,猎蜂,那是，我猎蜂喜欢吃的能差么。,You think the Beehunter would stand for less?,"Еще бы! То, что нравится мне, Бихантер, не может быть плохим."
line-217,猎蜂,来，我们先吃点喝点，玩副牌暖暖气氛，然后我们就可以来听听你那大冒险了。,"C'mon, let's eat, play a hand or two to warm up, and then you tell us about your big adventure.","Давай сначала поедим, выпьем, сыграем пару партий в карты, чтобы подогреть атмосферу. А потом послушаем про твое великое приключение."
line-219,烈夏,好叻。,Okay.,Заметано.
line-226,猎蜂,对7。,Pair of 7s.,Две семерки.
line-228,烈夏,对K。,Pair of kings.,Два короля.
line-233,猎蜂,大王。,Royal.,Джокер.
line-235,烈夏,炸了。,Four-of-a-kind.,Каре.
line-240,猎蜂,同花顺。,Straight flush.,Стрит-флеш.
line-242,烈夏,皇家同花顺。,Royal flush.,Флеш-рояль
line-247,猎蜂,20，到你了。,"20, stand.","У меня 20, твой ход."
line-249,烈夏,A，还有4，有点难办啊。,"Ace, 4. Tough call.","Туз, и еще 4, сложновато."
line-250,烈夏,拿牌。,Hit me.,Беру карту.
line-251,烈夏,5。,5.,Пятерка.
line-253,猎蜂,平了？还好还好，下一局吧。,"Push? Okay, let's go again.","Ничья? Фух, пронесло. Давай еще раунд."
line-256,烈夏,别动！,Hold!,Хватит!
line-257,烈夏,拿牌。,Hit me.,Беру карту.
line-258,烈夏,7。,7.,Семерка.
line-259,烈夏,拿牌。,Hit.,Беру карту.
line-260,烈夏,3。,3.,Тройка.
line-261,烈夏,拿牌。,Hit.,Беру карту.
line-262,烈夏,A。,Ace.,Туз.
line-264,烈夏,赢了。,I win.,Я победила.
line-267,猎蜂,我不玩了！,I'm done!,С меня хватит!
line-268,猎蜂,不是。,Wait.,Постой.
line-269,猎蜂,今天什么情况？,What's goin' on today?,Что сегодня вообще происходит?
line-270,猎蜂,你平常牌运不是差得跟烂泥一样吗怎么——,You always have shitty luck at cards.,"У тебя же обычно в картах удача хуже некуда, как ты——"
line-272,烈夏,啊——？,Huh——?,А——?
line-274,猎蜂,等等——,Hey——,Подожди-ка——
line-275,猎蜂,你脸红了？,Is your face red?,У тебя лицо красное?
line-277,烈夏,红？,Red?,Красное?
line-278,烈夏,我醉了？,Am I drunk?,Я напилась?
line-279,烈夏,"不可能的。 ","No way. ",Не может быть.
line-281,猎蜂,这也就三四罐，也没啥酒精。,"We're only three or four cans in, and this is non-alcoholic.","Мы же выпили всего три-четыре банки, да и алкоголя тут нет."
line-282,猎蜂,难道你跟我一样——醉蜜？,You must be drunk on honey just like me!,"Неужели ты, как и я—— опьянела от мёда?"
line-284,烈夏,这也会醉？,Is that a thing?,От этого можно напиться?
line-286,猎蜂,会，我看你的症状比我要强多了。,Yeah! And it's hittin' you a lot harder than it hits me.,"Можно, и судя по тебе, твои симптомы намного сильнее моих."
line-287,猎蜂,我还以为只有我一个人会醉蜜，呵呵，哈哈哈哈。,"And here I thought I was the only one who got honey drunk. Heh, hahahaha!","А я-то думала, что только я пьянею от меда. Хе-хе, ха-ха-ха-ха."
line-288,猎蜂,哎呀有意思啊有意思，哼哼，真有意思。,Oh this is awesome!,"Ай-яй, как интересно-то, как интересно... Хм-хм, действительно интересно"
line-290,烈夏,你在说啥？强大帅气的烈夏怎么会，唔，会醉？,What're you talking about? The great and mighty Leto would never get *hic* drunk!,"Ты о чем? Как сильная и крутая Лето могла бы, ик, напиться?"
line-292,猎蜂,是是是，强大帅气的烈夏大人，哈哈哈哈哈。,"Yes, yes, God-Empress Leto. All hail! Hahahahaha!","Да-да-да, сильная и крутая госпожа Лето, ха-ха-ха-ха-ха."
line-294,烈夏,你在那一个劲傻笑什么？牌打完了的话就快过来，烈夏大人要讲故事了。,What are you laughing at? If we're done with the cards then get over here and listen to the story of Leto the Great.,"Чего ты там всё хихикаешь? Если карты закончились, иди сюда. Госпожа Лето будет рассказывать истории."
line-296,猎蜂,好的，呼呼呼，烈夏大人，嘎嘎。,"Yes, Your *snicker* Majesty, Leto the Great. Hehe.","Слушаюсь, хи-хи-хи, госпожа Лето, ха-ха."
line-298,烈夏,猎蜂，听——听好了，本，本大人要讲了啊。,"Listen well, Bee——Beehunter. The G-great One speaks.","Бихантер, слу—— слушай внимательно. Я, госпожа Лето, начинаю свой рассказ."
line-299,烈夏,唔——,Nnnng——,Угх——
line-300,烈夏,好，就从这里开始讲！,"Right, let's start from the beginning!","Так, начнем вот с этого!"
line-302,猎蜂,今天这事太好玩了，我要拿东西录下来。,I'm havin' way too much fun today. I gotta record this.,"Сегодняшний вечер просто лучший, я должна это записать."
line-304,烈夏,猎蜂，你去哪！,"Where are you going, Beehunter?!","Бихантер, ты куда!"
line-306,猎蜂,给烈夏大人拿东西润喉！,To get the Great One something to wet her whistle!,"Иду за напитком, чтобы госпожа Лето промочила горло!"
line-308,烈夏,哦，哦？,Oh?,"О, вот как?"
line-314,烈夏,谁啊！,Who dares?!,Кто там!
line-316,凛冬,我。古米说你找她带了吃的，我来拿几包。,Me. Gummy said you sent her to get snacks. I'm here for my cut.,"Это я. Гум сказала, что ты просила ее принести еды, я пришла забрать несколько пачек."
line-318,烈夏,哦来了！,Oh!,"О, иду!"
line-324,烈夏,喏，你要的。,"Sure, here you go.","Вот, держи."
line-326,凛冬,好，谢了。,Cool. Thanks.,"Отлично, спасибо."
line-327,凛冬,嗯？,Hm?,М?
line-328,凛冬,......,......,......
line-330,烈夏,怎么了，本......我有什么问题吗。,"What? Is there something on the Great... err, my face?",В чем дело? Со мной... или с моим лицом что-то не так?
line-332,凛冬,你吃蜂蜜了？,Did you eat honey?,Ты ела мёд?
line-334,烈夏,啊，蜂蜜？没，没有的事，怎么可能呢。,"Oh, honey? N- no. Don't be silly.","А, мёд? Нет, конечно нет, как такое может быть."
line-336,凛冬,猎蜂在哪里。,Where's Beehunter?,Где Бихантер?
line-338,烈夏,她啊，她人不在。,"She's, uh, not here.",Она... ее тут нет.
line-343,猎蜂,烈夏大人——给您润喉的东西来啦。,Oh Mighty Leto——I've brought your refreshments.,Госпожа Лето—— ваши напитки для горла поданы.
line-344,猎蜂,喔，你好啊凛冬。,"Hey, Zima, how ya doin'?","О, привет, Зима."
line-346,凛冬,啧。,Hmph.,Тц.
line-347,凛冬,猎蜂，过来一下，问你点事。,"Beehunter, come. Let me ask you something.","Бихантер, подойди-ка сюда, хочу кое-что спросить."
line-349,猎蜂,啊？哦，哦哦。,Oh? What is it?,"А? О, да-да."
line-351,凛冬,喂，那家伙什么情况。,What's up with her?,"Эй, что с ней такое?"
line-353,猎蜂,哦她啊，她醉蜜啊。,"Her? Oh, she's honey drunk.","А, она опьянела от мёда."
line-354,猎蜂,症状好像比我还重来着。现在准备跟我说点什么和以前的冒险故事来着。,And it's hittin' her way harder than it ever does me. She's supposed to be telling me some story about her adventures before.,"Симптомы, похоже, посильнее моих. Сейчас она собирается рассказать мне какую-то историю о своих старых приключениях."
line-355,猎蜂,怎么样，来一起听吗，或者我给你录下来也行。,You wanna listen in too? Or I could just record it for ya.,"Ну что, присоединишься к прослушиванию? Или я могу записать это для тебя."
line-357,凛冬,没兴趣。,Nah.,Не интересует.
line-359,烈夏,凛冬——把猎蜂还给我——,Zima——gimme back Beehunter——,Зима—— верни мне Бихантер——
line-360,烈夏,我还要——唔，和她讲我的光辉事迹唔哦——,"I gotta——nng, I gotta tell her my glorious war stories——","Я еще буду—— уф, рассказывать ей о своих славных подвигах, у-у-угх——"
line-362,凛冬,去吧，她就交给你了。,"Yeah, sure, you can have her.","Иди, оставляю ее на тебя."
line-363,凛冬,我走了烈夏，玩得开心。,"I'm out. Have a good time, Leto.","Я пошла, Лето. Веселитесь."
line-365,烈夏,好，好！,Okay!,"Да, да!"
line-366,烈夏,回见啊冬将军！,"See ya, General Zima!","Увидимся, Генерал Зима!"
line-372,猎蜂,唉。,*Sigh*.,Эх.
line-373,猎蜂,来吧烈夏，别在门口丢人现眼了。,"C'mon, Leto. Stop standin' in the door makin' a fool of yourself.","Давай, Лето, не позорься на пороге."
line-375,烈夏,你叫谁烈夏，啊？,Leto what?,"Ты кого назвала Лето, а?"
line-377,猎蜂,好好好，烈夏大人。走了走了，进门了。,"Fine, fine. Leto the Great and Mighty, get inside already.","Да-да-да, госпожа Лето. Пошли, пошли, заходим."
line-379,烈夏,那还差不多。,Good enough.,То-то же.
line-382,？？？,那个，您好？,"Um, excuse me?",Эм... Здравствуйте?
line-384,猎蜂/烈夏,啊？,Huh?,А?
line-386,猎蜂,怎么了慕斯？,"What's up, Mousse?","В чем дело, Мусс?"
line-388,慕斯,嗯，这个，很抱歉晚上打扰你们休息了，如果可以的话，能不能进房再聊天呢。,"Um, well, I'm sorry to bother you so late. But, if it wouldn't be too much trouble, do you think you could have your conversation inside your room?","Эм, простите, что беспокою вас так поздно вечером, но если вас не затруднит, не могли бы вы общаться внутри комнаты?"
line-390,烈夏,我就是想唔唔唔唔唔。,That's exactly what I wanna doooooo.,Я как раз хочу  м-м-м-м-м.
line-392,猎蜂,不好意思吵到你了，我们这就关门。,I am so sorry about the noise. Lemme just close our door there.,"Извини, что побеспокоили, мы сейчас же закроем дверь."
line-394,慕斯,真的很抱歉！,I'm the one who's sorry!,Мне очень жаль!
line-396,猎蜂,没事没事。,"No, really.",Ничего-ничего.
line-398,烈夏,唔唔唔唔唔！,Nnnnnng!,м-м-м-м-м!
line-403,猎蜂,嘿咻，你还真醉了啊。,"Phew, you're drunker than drunk.","Уф, да ты и правда напилась."
line-405,烈夏,你说醉，那就是醉了。,If you say so.,"Раз ты говоришь, что напилась, значит, напилась."
line-406,烈夏,猎蜂！,Beehunter!,Бихантер!
line-407,烈夏,再来一罐。,Another can!,Еще баночку.
line-409,猎蜂,"喝吧喝吧,要醉就醉个透。","Sure, why not? Go big or go home.","Пей, пей, если уж напиваться, то до беспамятства."
line-411,烈夏,咕——咕——哈啊！,GLUG——GLUG——Ahhh!,Глыть——глыть——ха!
line-412,烈夏,舒服了。,Awesome.,Как же хорошо.
line-414,猎蜂,舒服了？,That good?,Хорошо?
line-415,猎蜂,呵啊——讲吧。,Let's hear the story.,"Ха-а—— давай, рассказывай."
line-417,烈夏,我之前讲到哪里来着。,"Yeah, where were we?",На чем я там остановилась?
line-419,猎蜂,一个字都没说。,Hadn't even started.,Ты еще и слова не сказала.
line-421,烈夏,哦哦，原来如此，那我就勉为其难再讲一次好了。,"Oh, huh. Then I guess I better hike up my skirt and start again.","О, понятно. Ну, тогда я снизойду и начну сначала."
line-422,烈夏,嗯......,Hm...,Хм...
line-423,烈夏,先喝一口饮料再说。,But I should probably drink something first.,Но для начала выпью еще немного.
line-425,猎蜂,喂！,Hey!,Эй!
line-435,罗莎琳,哈——,Ah——,Ха——
line-436,罗莎琳,还想再喝一罐冰汽水啊。,I could go for another ice soda.,Хочется выпить еще баночку ледяной газировки.
line-437,罗莎琳,要是自动售货机没被那帮贵族拆开抢光就好了。,If only that gang of nobles hadn't taken apart the vending machine.,Если бы только этот автомат не разнесли и не разграбили те аристократы.
line-438,罗莎琳,咕，咕咕。,"Glug, glug glug.","Глыть, глыть-глыть."
line-439,罗莎琳,呼——,Phew——,Фух——
line-440,罗莎琳,嗯？,Hm?,М?
line-441,罗莎琳,怎么还有人觉得自己能从学院里逃出去的？,Somebody else thinks they can make it out of the campus?,"Неужели еще остались те, кто верит, что сможет выбраться из школы?"
line-442,罗莎琳,被面具人打回来了吧，啧啧。,The masked dudes just pushed 'em back in. Tsk.,Получили нагоняй от людей в масках и прибежали обратно. Тц-тц.
line-444,学生A,喂，你就是三班的罗莎琳？,"Hey, aren't you Rosalind from class 3?","Эй, ты Розалинда из третьего класса?"
line-446,罗莎琳,啊？是我。,"Yeah, that's me.",А? Ну я.
line-448,学生B,我们是“彼得海姆共荣会”的，我们老大，“健壮的安德烈”邀请你入会。,"We're from the Peterheim Benevolent Society. Our boss, Big Andrey, wants you to join us.","Мы из Общества Процветания Петерхейма. Наш босс, «Несокрушимый Андрей», приглашает тебя вступить."
line-449,学生B,怎么样，考虑一下？,How about it? Give it some thought?,"Ну как, что думаешь?"
line-451,罗莎琳,没什么兴趣。,Nah. Not interested.,Не интересует.
line-453,学生A,你真的要拒绝我们？,Are you really turning us down?,Ты правда нам отказываешь?
line-455,罗莎琳,这两天来我这劝我加入的没有六七也有四五个吧。,"In the past two days, like four or five different gangs have tried to poach me?",За эти два дня ко мне подходило человек пять-шесть с уговорами вступить к ним.
line-456,罗莎琳,也不知道哪里冒出来那么多小团体，一个个顶着这样那样的名头，好像自己有多强大一样。,"I don't even get why we have so many little groups. And they all have such big, tough names.","Не знаю, откуда повылезало столько этих группировок, и каждый называет себя какими-то громкими именами, воображая себя всесильными."
line-458,学生B,什么？你居然敢......,Huh? What's that supposed to mean...?,Что? Да как ты смеешь...
line-459,学生A,喂别挑衅她啊。,"Woah, don't provoke her.","Эй, не провоцируй ее."
line-460,学生A,罗莎琳，我们中学进了好多其他学校的，其他的就不说了，连那所贵族学校的人都被赶到这里来了。,"Rosalind, there's kids from a whole bunch of different schools here now. Even a bunch from a noble school got sent to ours.","Розалинда, в нашу школу перевели много ребят из других учебных заведений. Не говоря уже об остальных, даже из той аристократической школы сюда загнали учеников."
line-461,学生A,我们学校有多少人被贵族校的混混欺负过，你不会不知道吧。,You know how many of our classmates get pushed around by those noble pricks.,"Ты ведь прекрасно знаешь, как многие из наших страдали от издевательств этих богатеньких ублюдков."
line-462,学生A,这时候难道不是我们团结一心的时候吗？,Isn't it time for us all to band together?,Разве не сейчас самое время сплотиться?
line-463,学生A,安德烈说了，只要你答应，绝对不会亏待你的。,"Andrey says as long as you come along, he'll treat you right.","Андрей сказал: если согласишься, он тебя отблагодарит."
line-464,学生A,你的口粮绝对有保证，就算是饮料，只要有剩余也能匀给你。,"You'll have food, drinks, anything leftover can go to you too.","У тебя точно будет своя порция еды, а если останется газировка, тебе тоже выделят."
line-465,学生A,不考虑一下吗，“夏将军”。,"Just think about it, 'General Leto.'","Разве не стоит подумать об этом, «Генерал Лето»?"
line-467,罗莎琳,嗯......,Hm...,М-м...
line-468,罗莎琳,这样吧。,Well...,Давай так.
line-469,罗莎琳,我接受你的条件。,"Okay, I agree to your terms.",Я принимаю ваши условия.
line-471,学生B,太好了，感谢你的理解！,Awesome! Thanks for being so reasonable!,"Замечательно, спасибо за понимание!"
line-473,罗莎琳,不不不不，别高兴得太早。,Hold on a sec. Don't get too excited.,"Нет-нет-нет, не радуйтесь раньше времени."
line-474,罗莎琳,你们也要答应我的要求。,You gotta get me what I want.,Вы тоже должны выполнить мое условие.
line-476,学生A,您说。,Go on.,Говори.
line-478,罗莎琳,你们劝服索尼娅，让她来请我加入。,Find Sonya and get her to ask me to join.,"Вы уговорите Соню прийти, чтобы она пригласила меня вступить к вам."
line-480,学生A,这......,Err...,Эм...
line-482,罗莎琳,做得到这一点，我就戴你们的袖章。,"That's all you gotta do, and I'll wear your armband.","Сделайте это, и я надену вашу повязку."
line-484,学生A,......,......,......
line-485,学生A,......,......,......
line-486,学生A,我们考虑一下。,We need to think this one over.,Мы подумаем.
line-488,罗莎琳,嗯好，去吧。,Sure. Take your time.,"Хорошо, идите."
line-489,罗莎琳,不送。,See ya.,Не провожаю.
line-495,罗莎琳,天天都有这种无聊的家伙。,I deal with these boring punks every day.,Каждый день появляются какие-то скучные типы.
line-496,罗莎琳,真麻烦。,Pain in my ass.,Как же это бесит.
line-497,罗莎琳,嗯？,Hm?,М?
line-498,罗莎琳,别嘛我刚刚有喝那么多吗？,"Come on, did I drink that much just now?","Да ну, я же не так много выпила?"
line-499,罗莎琳,这就见底了？,There's no more?,Уже дно видно?
line-500,罗莎琳,唉。,*Sigh*.,Эх.
line-501,罗莎琳,真没意思。,This sucks.,Никакого веселья.
line-503,贵族学生,你就是罗莎琳。,You're Rosalind.,Так это ты Розалинда.
line-505,罗莎琳,又来了......,Here we go again...,И снова здрасте...
line-506,罗莎琳,是是是，就是我。,"Yeah, that's me.","Да-да-да, это я."
line-508,贵族学生,你，你，还有你，上。,"You, you, and you, go.","Ты, ты и ты, вперед."
line-510,罗莎琳,哦，是来动手的？,"Oh, we're fighting?","О, так вы пришли подраться?"
line-511,罗莎琳,哇哦。,Wow.,Ого.
line-512,罗莎琳,这就对了嘛。,Well okay then.,Вот это по-нашему.
line-513,罗莎琳,动嘴可是很麻烦的啊！！,This is way more fun than talking!,Болтать — это так утомительно!!
line-531,烈夏,以前嫌开壳麻烦就没尝过。,I never had these before. Always too lazy to deal with the shell.,"Раньше мне было лень их чистить, поэтому я их не пробовала."
line-532,烈夏,唔，想不到这坚果还挺好吃的。,"Mm, I never knew these nuts were so good.","Хм, не думала, что эти орехи такие вкусные."
line-534,猎蜂,所以说，那时候你们那儿已经不只是一个学校的人了？,So that means it wasn't just kids from your school in there already?,"Так значит, в то время у вас там были люди не только из вашей школы?"
line-536,烈夏,周围几个学校的家伙都丢我们这儿关禁闭了。,They took students from a bunch of different nearby schools and locked them in with us.,К нам на закрытую территорию согнали ребят из нескольких школ вокруг.
line-537,烈夏,包括“大小姐”那学校的*乌萨斯吐槽*。,Including the gopniks from Her Worship's school.,В том числе и этих мудаков из школы «мисс-аристократки».
line-539,猎蜂,你们是这样称呼这个......谁来着？,"Sorry, which one are you talking about there?",И вы так называете эту... как ее там?
line-541,烈夏,啊，是娜塔莉娅，和我们一起来的乌萨斯。,"Oh, that's Natalya. One of the Ursus girls with us.","А, это Наталья, урсуска, которая приехала с нами."
line-542,烈夏,我叫惯了。,I just got used to calling her that.,Просто привычка.
line-543,烈夏,她人不坏，但那时候是在做混账事。,She's not a bad girl. But back then she was into some real messed up shit.,"Она неплохая, но в то время творила полнейшую дичь."
line-544,烈夏,大家都记得。,We all remember.,Мы все это помним.
line-545,烈夏,哎等等，猎蜂，再给我表演一下那个。,"Hey, Beehunter, do the thing for me again.","О, подожди, Бихантер, покажи мне еще раз этот фокус."
line-547,猎蜂,哪个？,Which?,Какой?
line-549,烈夏,就你刚刚那个啊。,The thing you just did.,"Ну тот, что ты только что сделала."
line-550,烈夏,捏坚果壳那招。,That trick where you crack the nuts with your hands.,"Тот, где ты раскалываешь скорлупу ореха пальцами."
line-552,猎蜂,袋子里给我拿一个。,Gimme one.,Достань мне один из пакета.
line-554,烈夏,给。,Here.,Держи.
line-556,猎蜂,看好了。,Watch.,Смотри внимательно.
line-574,学生,饶，饶命啊！,D- don't kill me!,П-пощади!
line-575,学生,咿咿！！,Aieeeee!,Ииии!!
line-581,罗莎琳,又是个孬种。,Coward.,Еще один трус.
line-582,罗莎琳,呸。,*Spit*.,Тьфу.
line-583,罗莎琳,救火没见你们有多勤快，抢起东西来倒是一套一套的。,"You all suck at putting out fires, but you sure are good at stealing.","Что-то я не видела, чтобы вы так же рьяно тушили пожар, как грабили."
line-584,罗莎琳,等等，不对啊。,"Wait, no.","Стоп, что-то тут не так."
line-585,罗莎琳,我这里也没什么食物，怎么总有人喜欢找我麻烦。,I don't have any food here either. Why are they always coming at me?,"У меня ведь тоже нет еды, почему вечно кто-то лезет ко мне с проблемами?"
line-586,罗莎琳,还都是本校的*乌萨斯礼貌形容词*。,They're all gopniks from our school.,И всё это мудаки из нашей же школы.
line-587,罗莎琳,这帮家伙来还都不戴袖标，我怎么知道是安德烈的，还是瓦西里的。,None of these punks have armbands. How am I supposed to know if they're with Andrey or Vasily?,"Они даже повязки не носят. И как мне понять, кто из них от Андрея, а кто от Василия?"
line-588,罗莎琳,我也就是拿几个果腹粮而已。,"I'll take a few bits, just to fill my stomach.","Я ведь беру ровно столько, чтобы просто не умереть с голоду."
line-589,罗莎琳,再这样下去也不是办法啊，天天都大晚上来烦人。,I can't keep going like this. They bug me every night.,"Если так пойдет и дальше, это ни к чему хорошему не приведет. Каждую ночь кто-то приходит и достает меня."
line-590,罗莎琳,而且食堂冷鲜库被四中的垃圾上等人占了，第二食堂又烧了。,"The garbage from #4 took over the cafeteria cold storage, and the other canteen went up in smoke.","Тем более продовольственный склад в столовой захватили эти богатенькие ублюдки из четвертой школы, а вторую столовую вообще сожгли."
line-591,罗莎琳,再这样下去别说饮料，水和粮食都搞不到了啊。,Drinks are gonna be the least of my problems if this keeps up. I won't have food or water.,"Если так продолжится, не то что газировки, даже воды с едой будет не достать."
line-592,罗莎琳,得想个办法了......,Gotta think...,Нужно что-то придумать...
line-593,罗莎琳,嗯......,Hm...,Хм...
line-595,罗莎琳,还是去索尼娅那儿吧。,What if I went to Sonya?,Лучше пойти к Соне.
line-596,罗莎琳,她那边是不是已经收了几个学生？,"She's already got a couple kids over there, right?",Она вроде уже приютила у себя нескольких учеников?
line-597,罗莎琳,那加我一个应该没啥问题。,She won't mind taking one more.,Взять еще одну меня для нее не составит труда.
line-598,罗莎琳,嗯，嗯嗯，好，就这样吧。,"Yeah, that's it. That could work.","Хм, да, да, решено, так и сделаю."
line-599,罗莎琳,给几个罐头，她应该就能答应我。,I offer up a few cans and she'll let me right in.,"Дам ей парочку консервов, и она точно согласится."
line-600,罗莎琳,最好是这样。,Good idea.,Надеюсь на это.
line-601,罗莎琳,至少能“安稳”一些。,That'll be a little more 'stable' at least.,"По крайней мере, так будет «спокойнее»."
line-602,罗莎琳,......,......,......
line-604,罗莎琳,想不到我这个万年第二还会有去求第一名的时候。,Never would've thought the world's second strongest would have to go beg first place for help.,"Никогда бы не подумала, что я, вечно занимающая второе место, пойду просить о помощи у той, что на первом."
line-605,罗莎琳,......,......,......
line-606,罗莎琳,但在她那里，一定能好好睡一觉吧......,But I'd be able to get a good night's sleep over there...,Но у нее я хотя бы смогу нормально выспаться...
line-613,罗莎琳,喂，索尼娅，在吗，找你谈点事。,"Hey, Sonya, are you here? I wanna talk to you.","Эй, Соня, ты здесь? Нужно поговорить."
line-614,罗莎琳,索尼娅？,Sonya?,Соня?
line-615,罗莎琳,我开门了啊。,It's me...,Я вхожу.
line-618,罗莎琳,唉？！,Eep?!,А?!
line-623,索尼娅,......,......,......
line-625,罗莎琳,索尼娅？你，你这儿怎么回事？,Sonya? Wh- what happened?,Соня? Что... что здесь произошло?
line-626,罗莎琳,嘶。,Pfft.,Тсс.
line-627,罗莎琳,总之，我先进来了。,"Err, really, I'm coming in.","В общем, я зайду."
line-629,索尼娅,......嗯？,...Hm?,......Хм?
line-631,罗莎琳,呃，我没有敌意，我只是想来，这个，呃，加入你的。,"I, uh, didn't mean... I just wanted to, err, I want to join you.","Эм, я пришла с миром. Я только хотела... ну... присоединиться к тебе."
line-632,罗莎琳,索尼娅？,Sonya?,Соня?
line-634,索尼娅,罗莎琳，帮我个忙。,"Rosalind, I need a hand.","Розалинда, окажи мне услугу."
line-635,索尼娅,把这些躺着的，弄出去。,The ones slumped up against the wall. Take them out for me.,"Вытащи отсюда всех этих, которые на полу."
line-637,罗莎琳,喂，你不会真的......,"Hey, you didn't really...","Эй, ты ведь не серьезно..."
line-639,索尼娅,我要守着这里，守着她们，分不开身。,I have to guard this place. I'm protecting them. I can't leave.,Я должна охранять это место. Охранять их. Я не могу отойти.
line-640,索尼娅,我欠你个人情。,I'll owe you.,Я у тебя в долгу.
line-642,罗莎琳,呃......,Uh...,Эм...
line-643,罗莎琳,好吧，还是你比较狠。,Okay. You're the boss.,"Ладно, ты всё-таки круче меня."
line-644,罗莎琳,我这儿还有几个罐头，你来分配吧。,I brought you a few cans. They're yours.,"У меня тут есть немного консервов, распредели их сама."
line-645,罗莎琳,这些玩意，我来处理。,And I'll deal with... them.,А с этим мусором я разберусь.
line-647,索尼娅,谢谢。,Thanks.,Спасибо.
line-649,罗莎琳,......,......,......
line-650,罗莎琳,你变了。,You've changed.,Ты изменилась.
line-658,烈夏,舒拉你好慢，怎么去厕所那么长时间！,"Did you fall in, Shura? Who takes that long in the bathroom?!","Шура, почему ты так долго? Сколько можно сидеть в туалете!"
line-660,猎蜂,喝多了喝多了。,I drank too much.,"Перепила, просто перепила."
line-662,烈夏,喔，吼吼，有意思哦。,Ahahaha! Too fun.,"О-о, хе-хе, как интересно."
line-663,烈夏,你脸也红啦。,Your face is all red too.,У тебя тоже лицо красное.
line-665,猎蜂,你还好意思说，说我。,You're pretty fun yourself.,Чья бы корова мычала.
line-666,猎蜂,啊？,Huh?,А?
line-667,猎蜂,你不看看你，话都快说不清楚了。,"Look at you, you can barely talk anymore.","Посмотри на себя, ты же двух слов связать не можешь."
line-669,烈夏,哪有，我还要讲故事叻。,What?! I've still got a story to tell.,"Еще чего, я же собиралась рассказывать историю."
line-670,烈夏,刚刚讲到哪里了？,Where was I?,На чем мы там остановились?
line-671,烈夏,第二场火？,The second fire?,На втором пожаре?
line-673,猎蜂,火？什么火？红红火火？？,Fire? What fire? Where's the fire?,Пожаре? Каком пожаре? Красивом и ярком??
line-675,烈夏,噢噢哦对对，那我继续了。,"Oh, oh yeah. Now I remember.","О-о-о, точно-точно, продолжаю."
line-676,烈夏,猎蜂啊。,"Hey, Beehunter.",Бихантер.
line-678,猎蜂,啊？,What?,А?
line-680,烈夏,今天晚上，你那个等身大乌萨斯玩偶能借我抱抱吗。,"That life-sized Ursus doll you got, you think you can let me hug her tonight?",Сегодня вечером можно я посплю в обнимку с твоим плюшевым урсусом в человеческий рост?
line-682,猎蜂,好啊，现在就给你。,Sure. You can have her right now.,"Конечно, забирай прямо сейчас."
line-683,猎蜂,接着。,Think fast.,Лови.
line-685,烈夏,喔哦哦，不要丢过来啊，我接不住！,"Woah, don't throw her! I can't catch like this!","О-о-о-о, не кидай его в меня, я не поймаю!"
line-686,烈夏,好重好重。,So heavy...,Тяжелый-то какой.
line-687,烈夏,啊啊啊啊！,Aaaahh!,Аааааа!
line-695,罗莎琳,呵，你就，这点能耐，啊？,Heh. Is that all you got?,"Ха, и это всё, на что ты способен?"
line-696,罗莎琳,起来啊安德烈，你刚刚那嚣张的态度去哪了？！,"Get up, Andrey. Where'd all your big talk go?!","Вставай, Андрей! Куда делась вся твоя спесь?!"
line-698,安德烈,......,......,......
line-700,罗莎琳,晕了？,He passed out?,Отрубился?
line-701,罗莎琳,晕了好啊，这样就不用饿肚子了。,"Well, at least you won't be hungry.","Ну и отлично, значит, не будешь страдать от голода."
line-702,罗莎琳,不是吗，啊？！,Am I right? Huh?!,"Я ведь права, а?!"
line-703,罗莎琳,好了，老大躺地上了，你们还有谁......,"Okay, that's the boss down. Anybody else...?","Ну вот, ваш босс на полу. Кто следующий..."
line-710,罗莎琳,唔咕！,Gah!,Угх!
line-711,罗莎琳,咳，好啊，学会阴人了啊。,"*Cough*, all right, so you can fight dirty.","Кха, молодцы, научились бить исподтишка."
line-713,学生,咕啊！,Gah!,Гуа!
line-715,罗莎琳,你当我是吃白饭的？,You think I'm that easy?,"Вы думаете, я тут в игрушки играю?"
line-716,罗莎琳,觉得我会像电影里一样，后脑勺上来一下就晕过去？,You think I take one hit to the back of the head and go down like in the movies?,"Думаете, что, как в кино, ударите по затылку, и я сразу в обморок упаду?"
line-717,罗莎琳,啊？,Huh?,А?
line-718,罗莎琳,*乌萨斯战吼*,Ura!,Ура!
line-720,学生,唔嘎！,Ngah!,Угха!
line-721,学生,......,......,......
line-723,罗莎琳,怎么。,What.,И что.
line-724,罗莎琳,这就没了？,Is that it?,Это всё?
line-725,罗莎琳,哼，废物。,Hmph. What a waste.,"Пф, слабаки."
line-726,罗莎琳,这些吃的，我拿走了。,Guess this is my food now.,Эту еду я забираю.
line-734,罗莎琳,呃......头好疼。,Ugh... what a headache.,Ух... как же голова болит.
line-736,安娜,抱歉......都是我们的错......,Sorry... This is our fault...,Прости... это мы во всём виноваты...
line-738,罗莎琳,哎呀没事，既然都是一个团队的了，多付出一点也是应该的。,"Naw, we're a team. It's what I'm here for.","Ой, да ладно, мы же теперь одна команда, так что надо помогать друг другу."
line-739,罗莎琳,再说了，你看，对吧，“她”现在状态不太好。,"And look, she isn't in great shape right now.","К тому же, посмотри на нее, «она» сейчас не в лучшем состоянии."
line-740,罗莎琳,那我这个彼得海姆第二当然就替代了啊哈哈哈哈啊疼疼疼。,"So it's up to me, as Peterheim's second strongest, toAAAAAAaaaaghh that hurts!","Поэтому, как второму человеку в Петерхейме, мне пришлось взять всё на себя... ха-ха-ха-ха, ай, больно, больно."
line-742,拉达,再忍忍，马上就好了！,Just a little bit longer. Almost done.,"Потерпи немного, уже почти всё!"
line-743,拉达,嘿，完成！,"Okay, there!","Хоп, готово!"
line-745,罗莎琳,谢谢啊。,Thanks.,Спасибо.
line-746,罗莎琳,不愧是小童子军，手法熟练得很呐。,"That Youth Scout training comes in handy, huh?","Как и ожидалось от бойскаута, очень профессионально."
line-748,拉达,嘿嘿，谢谢。,"Hehe, thank you.","Хе-хе, спасибо."
line-750,罗莎琳,哎，这世道正常人越来越少了啊，幸好你们都是。,The world's running out of good people. Lucky to have you.,"Эх, нормальных людей в этом мире всё меньше и меньше. Хорошо, что вы оказались нормальными."
line-751,罗莎琳,真好，太好了。,Really. You're great.,Это правда здорово. Очень здорово.
line-752,罗莎琳,如果那个警官也能碰到你们这样的人，就不会。,"If that cop had run into kids like you, things would've turned out different.","Если бы тот офицер полиции встретил таких, как вы, то всё бы обошлось."
line-753,罗莎琳,......,......,......
line-755,拉达,......,......,......
line-757,安娜,......,......,......
line-761,罗莎琳,（再这样下去不行啊。）,(We can't keep this up.),(Так больше продолжаться не может.)
line-762,罗莎琳,（吃的也不够，人也不够。）,(We don't have enough food. Don't have enough people.),"(Еды не хватает, людей тоже.)"
line-763,罗莎琳,（虽说有我和索尼娅在。）,(Even with me and Sonya.),(Пусть мы с Соней и здесь.)
line-764,罗莎琳,（但现在两个食堂都没了，吃的根本不够。）,(Both the food stores are gone. There's just not enough to eat.),"(Но теперь у нас нет ни одного склада, еды катастрофически мало.)"
line-765,罗莎琳,（万一哪天一帮子人来堵门口。）,(What if a gang shows up to our door someday?),(А вдруг однажды к нам в дверь заявится толпа отморозков.)
line-766,罗莎琳,（就算是索尼娅......）,(Even with Sonya...),(Даже Соня...)
line-767,罗莎琳,（得想个办法......）,(I have to think of something...),(Надо что-то придумать...)
line-768,罗莎琳,（......）,(......),(......)
line-769,罗莎琳,（要不，我去面具人那里探探口风？）,(I guess I could go talk to the mask dudes?),"(А что если... сходить и разузнать, как там дела у людей в масках?)"
line-770,罗莎琳,（不行不行，万一被他们变成长石头的怪物怎么办。）,(No way. What if they turn me into one of those rock-covered monsters?),"(Нет-нет-нет, а если они превратят меня в этих монстров с камнями на теле?)"
line-771,罗莎琳,（......）,(......),(......)
line-772,罗莎琳,（还是去一趟吧，说不定有活路呢。）,(I might as well give it a shot.),"(Всё-таки стоит рискнуть, вдруг там есть какой-то выход.)"
line-773,罗莎琳,（人活着不就为口气吗，拼了！）,"(You only live once, right?)","(Человек живет ради того, чтобы дышать. Рискну!)"
line-774,罗莎琳,安娜啊。,Hey Anna.,"Слушай, Анна."
line-776,罗莎琳,剩下的口粮可能还是不太够，我今天晚上再出去看看吧。,We don't have much left in the way of rations. I'm gonna go out for more tonight.,Оставшейся еды может не хватить. Сегодня ночью я выйду и осмотрюсь.
line-778,安娜,不行，你已经受伤了，再这样下去真的会——,You can't. You're hurt. If you go out again you'll——,"Нет, ты ведь ранена. Если пойдешь в таком состоянии, это может——"
line-780,罗莎琳,没事，我硬朗得很。,I'm tough. I can handle it.,"Всё в порядке, я крепкая."
line-781,罗莎琳,再说了，不会走太远，也不会抢别人最后一口吃的。,I won't go far. And I won't take anyone's last bite.,"Да и к тому же, я не пойду далеко и не буду забирать чужую последнюю еду."
line-782,罗莎琳,你们放心。,Don't worry.,Можете не волноваться.
line-788,,深夜,That night...,Глубокая ночь
line-790,罗莎琳,好久没来这里了，还有点激动啊。,It's been so long since I've come here. I'm kind of excited.,Давно я тут не была. Даже как-то волнительно.
line-793,,何止是激动，心都快跳出来了。,My heart's really pounding.,"Не просто волнительно, сердце так бьется, что вот-вот выпрыгнет."
line-795,整合运动成员,不准过。,Stop.,Стоять.
line-797,罗莎琳,这里可是我们以前的宿舍啊，为啥不能过？,This is my old dorm. Why can't I go in?,"Это наше старое общежитие, почему мне нельзя пройти?"
line-799,整合运动成员,你是想死么。,Do you want to die?,Жить надоело?
line-801,罗莎琳,要是怕死应该找个地方先逃出学校吧，来这里有用么。,"If I was afraid to die, I'd try to find a way out of the school. No reason to come here.","Если бы я боялась умереть, то давно попыталась бы сбежать из школы. Какой смысл приходить сюда?"
line-802,罗莎琳,我，罗莎琳，想找你们的头头聊几句。,"I'm Rosalind, and I wanna talk to your leader.","Я, Розалинда, хочу перекинуться парой слов с вашим боссом."
line-804,整合运动成员,你要是感染者，就可以上来。,Only if you're Infected.,"Если ты Зараженная, можешь подниматься."
line-805,整合运动成员,不是，就免谈。,"Otherwise, no dice.","Если нет, разговор окончен."
line-807,罗莎琳,如果我非要过呢？,And if I insist?,А если я всё-таки хочу пройти?
line-810,,害怕，害怕得要死，但嘴巴还是发出了那几个音节,I'm scared. Scared to death. But my mouth is still going.,"Я боялась. Безумно боялась, но слова сами вырвались из моего рта."
line-811,,这时候倒觉得自己死要面子活受罪起来了,I feel like I'm staring into the mouth of hell for the sake of my own pride.,"В тот момент я подумала, что из-за своей гордости сама лезу на рожон."
line-812,,但 我 乐 意,And   I   love   it.,Но МНЕ ТАК ХОЧЕТСЯ.
line-814,整合运动成员,（取出武器）,(Drawing his weapon).,(Достает оружие)
line-816,？？？,让她上来。,Let her through.,Пропустите ее.
line-818,整合运动成员,？,?,?
line-819,整合运动成员,（放下武器）,(Lowering his weapon).,(Опускает оружие)
line-821,？？？,你，跟我来。,"You, come with me.","Ты, за мной."
line-823,罗莎琳,嘿嘿，多谢啦。,"Hehe, thanks.","Хе-хе, спасибо."
line-830,,我到底是怎么会想到去见整合运动头子的？,Why did I think it was a good idea to meet the leader of Reunion again?,И как мне вообще пришло в голову встретиться с главарем Воссоединения?
line-831,,只是和他说几句话，请求他放学生们出去或者是给吃的？,"Was it because I'd say a few words to him and he'd let us all go, or give us food?",Просто поговорить с ним и попросить отпустить студентов или дать еды?
line-832,,还是准备要挟他？,Or was I gonna threaten him?,Или я собиралась угрожать ему?
line-833,,就凭我这个中学生？,This tiny middle school student?,С моими-то силенками школьницы?
line-834,,......,......,......
line-835,,但至少,But at least...,"Но, по крайней мере"
line-836,,我尝试过了。,I had to try.,Я попыталась.
line-837,,......,......,......
line-843,烈夏,然，然后啊。,And... and then...,"А, а потом."
line-845,猎蜂,Zzzzz......,Zzzzz......,Zzzzz......
line-847,烈夏,然后那个白色小个子似笑非笑和我说了堆话就把我放了。,And then the little white-haired kid with the creepy smile said a few things to me and let me go.,"А потом этот мелкий седоволосый паренек, ухмыляясь, наговорил мне кучу всего и отпустил."
line-848,烈夏,我也记不太清。,I can't remember too well.,Я мало что помню.
line-849,烈夏,什么，“痛苦才刚刚开始”啊，“享受生活”之类的。,"Something like, 'your suffering has only just begun' or 'enjoy life' or whatever.",Что-то вроде «Страдания только начинаются» и «Наслаждайтесь жизнью».
line-851,猎蜂,Zzzzz......,Zzzzz......,Zzzzz......
line-853,烈夏,我怎么懂什么意思。,How was I supposed to understand?,"Откуда мне было знать, что это значит."
line-854,烈夏,然后就给我放，放出来了。,"Then he let me go, just let me go.","А потом он меня отпустил, вот так."
line-855,烈夏,回到教室里睡了一觉，第二天醒过来，戴面具的就全不见了。,"I went back to the classroom and slept for a while. The next day, the mask dudes were gone.","Я вернулась в класс, поспала, а на следующий день все эти люди в масках просто исчезли."
line-857,猎蜂,Zzzzz......,Zzzzz......,Zzzzz......
line-859,烈夏,后面那段时光，就不太好过了。,Things didn't get better after that.,И с того дня начался настоящий кошмар.
line-860,烈夏,在学校里的时候觉得真是糟透了。,We thought life in the school was rough.,"В школе казалось, что хуже уже быть не может."
line-861,烈夏,一出来才知道，学校里只是开胃菜。,"When we got out, we realized that was just the appetizer.","Но когда мы вышли, оказалось, что всё, что было в школе — это лишь легкая разминка."
line-862,烈夏,那里的故事，可是会吃人的啊。,"Those stories, they'll eat you alive.","То, что творилось снаружи, сжирало людей заживо."
line-864,烈夏,猎蜂，我和你说，啊。,"Beehunter, say something.","Бихантер, я тебе говорю, а."
line-866,烈夏,猎蜂？,Beehunter?,Бихантер?
line-868,猎蜂,Zzzzz......,Zzzzz......,Zzzzz......
line-870,烈夏,还说我，我醉蜜，明明是你醉吧。,"And here you said, you said I was honey drunk. You're the drunk one!","И ты еще говоришь, что это я опьянела от мёда... это ты в хлам."
line-871,烈夏,真是的，睡着了也不和我打招呼。,Cam't benieve it. You just fall ashleep without saying anything.,Какая же ты всё-таки... уснула и даже не предупредила.
line-872,烈夏,算了。,Whatever.,Ладно.
line-874,烈夏,“舞台”，你在哪里！,Where's the stage?,Где же моя «сцена»!
line-875,烈夏,我们弹一曲好不好！,I wanna jam!,"Сыграем мелодию, как тебе идея!"
line-876,烈夏,啊啊我的好“舞台”，找到你啦。,"Aah, here's my stage.","А-а, моя любимая «сцена», вот ты где."
line-877,烈夏,猎蜂她睡着了，剩下的故事，你来听我说吧。,"Beehunter's asleep, so you get to hear the rest of my story.","Раз Бихантер уснула, тогда остаток истории послушаешь ты."
line-879,烈夏,我还有，好多，想讲的。,"I got so, sho mush to say.","У меня еще столько, СТОЛЬКО всего, о чем я хочу рассказать."
line-880,烈夏,呼，呼......,Phew... whew...,"Фух, фух..."
line-882,烈夏,Zzzzz......,Zzzzz......,Zzzzz......
line-884,猎蜂,Zzzzz......,Zzzzz......,Zzzzz......
line-891,,第二日清晨,Dawn the next day...,Раннее утро следующего дня
line-895,烈夏,——,——,——
line-896,烈夏,！,!,!
line-897,烈夏,我怎么在床上？,Why I am in bed?,Почему я лежу в кровати?
line-898,烈夏,我什么时候睡着的？,When did I fall asleep?,Когда я уснула?
line-900,猎蜂,醒啦。,Get up.,Проснулась?
line-902,烈夏,舒拉，怎么回事？,"What happened, Shura?","Шура, что случилось?"
line-904,猎蜂,怎么回事？,What?,Что случилось?
line-905,猎蜂,你还好意思问我怎么回事？,You're gonna ask me what happened?,У тебя еще хватает наглости спрашивать?
line-906,猎蜂,你昨天晚上喝蜂蜜饮料发酒疯把我的大玩偶抢去不说，还抱着它流了一身口水。,"You guzzled honey drink until you were dead drunk, then you stole my big doll, collapsed on top of her, and drooled out everything you drank.","Вчера вечером ты перебрала медовых напитков, начала буянить, отобрала мою огромную плюшевую игрушку, да еще и обслюнявила ее всю, пока обнимала."
line-908,烈夏,啊？,Huh?,А?
line-909,烈夏,不是你丢给我的吗？,You didn't toss her to me?,Разве ты сама мне ее не кинула?
line-911,猎蜂,啊你个*乌萨斯问候语*，你自己摸。,"Feel for yourself, you dura.","Ах ты ж сволочь, сама пощупай."
line-913,烈夏,不用摸了。,Don't have to.,И так поверю.
line-914,烈夏,对不起啊舒拉。,"Sorry, Shura.","Извини, Шура."
line-916,猎蜂,那你帮我把这个弄干净。,Just wash her for me.,Тогда ты мне ее почистишь.
line-918,烈夏,没问题没问题，完全没问题。,"Yeah, of course, no problem.","Конечно, конечно, без проблем."
line-920,猎蜂,我先去丢垃圾了，你赶紧去洗漱啊。,I'm gonna take out the garbage. You get cleaning.,"Я пойду выброшу мусор, а ты быстро марш умываться."
line-922,烈夏,哎呦我知道了，马上去！,Right away!,"Ой, поняла, уже бегу!"
line-924,猎蜂,那我先走了，下午私课别忘！,I'm out. Don't forget afternoon class!,Я пошла. Не забудь про дневное занятие!
line-926,烈夏,知道了！,I won't!,Помню!
line-933,烈夏,我昨天和她说什么了？,What did I say to her yesterday?,О чем мы вчера с ней говорили?
line-934,烈夏,嗯，大概是什么开心的事吧。,Probably something pretty fun.,"Наверное, о чем-то веселом."
line-936,烈夏,怪不得今天一醒过来神清气爽。,That's why I woke up so refreshed today.,"Неудивительно, что я сегодня проснулась такой бодрой."
line-937,烈夏,先洗漱一下，吃个早饭，然后去找宿管讨论一下怎么清洗这个超级大玩偶吧。,"Gotta clean up, have breakfast, then find somebody to help me wash this big girl.","Для начала умоюсь, позавтракаю, а потом пойду к коменданту узнавать, как постирать этого гигантского зверя."
line-938,烈夏,嗯，挺好。,Yeah. Not bad.,"Хм, отличный план."
line-939,烈夏,过两天再找猎蜂喝几罐吧。,I'll see about drinking with Beehunter again in a couple days.,Через пару дней надо снова выпить с Бихантер.
line-940,烈夏,嘶，等等。,Hold on.,"Ой, постойте-ка."
line-941,烈夏,我的吉他怎么在外面？,Why is my guitar out?,Почему моя гитара валяется здесь?
line-942,烈夏,......,......,......
line-943,烈夏,先弹一曲好了。,Might as well strum a few chords.,"Пожалуй, сыграю-ка я сначала пару аккордов."